CREATE TABLE IF NOT EXISTS routes (
    id SERIAL PRIMARY KEY,
    line_no VARCHAR(50) NOT NULL UNIQUE,
    line_name VARCHAR(200) NOT NULL,
    start_station VARCHAR(200) NOT NULL,
    end_station VARCHAR(200) NOT NULL,
    total_km DECIMAL(10,2) NOT NULL,
    station_count INTEGER NOT NULL,
    fare DECIMAL(10,2) NOT NULL,
    straight_line_distance_km DECIMAL(10,2),
    created_at TIMESTAMP DEFAULT CURRENT_TIMESTAMP
);

CREATE TABLE IF NOT EXISTS trips (
    id SERIAL PRIMARY KEY,
    line_no VARCHAR(50) NOT NULL,
    trip_date DATE NOT NULL,
    trip_no VARCHAR(100) NOT NULL,
    actual_departure_time TIME NOT NULL,
    planned_departure_time TIME NOT NULL,
    vehicle_no VARCHAR(50) NOT NULL,
    driver_name VARCHAR(100),
    direction SMALLINT NOT NULL DEFAULT 1,
    created_at TIMESTAMP DEFAULT CURRENT_TIMESTAMP
);

CREATE TABLE IF NOT EXISTS station_flows (
    id SERIAL PRIMARY KEY,
    line_no VARCHAR(50) NOT NULL,
    flow_date DATE NOT NULL,
    trip_no VARCHAR(100) NOT NULL,
    station_seq INTEGER NOT NULL,
    station_name VARCHAR(200) NOT NULL,
    board_count INTEGER NOT NULL DEFAULT 0,
    alight_count INTEGER NOT NULL DEFAULT 0,
    card_count INTEGER NOT NULL DEFAULT 0,
    card_id VARCHAR(100),
    created_at TIMESTAMP DEFAULT CURRENT_TIMESTAMP
);

CREATE TABLE IF NOT EXISTS vehicle_mileages (
    id SERIAL PRIMARY KEY,
    vehicle_no VARCHAR(50) NOT NULL,
    mileage_date DATE NOT NULL,
    total_km DECIMAL(10,2) NOT NULL,
    operating_km DECIMAL(10,2) NOT NULL,
    created_at TIMESTAMP DEFAULT CURRENT_TIMESTAMP
);

CREATE INDEX IF NOT EXISTS idx_trips_line_date ON trips(line_no, trip_date);
CREATE INDEX IF NOT EXISTS idx_flows_line_date ON station_flows(line_no, flow_date);
CREATE INDEX IF NOT EXISTS idx_flows_card ON station_flows(card_id, flow_date);
CREATE INDEX IF NOT EXISTS idx_vehicle_date ON vehicle_mileages(vehicle_no, mileage_date);

INSERT INTO routes (line_no, line_name, start_station, end_station, total_km, station_count, fare, straight_line_distance_km)
VALUES
    ('1', '1路', '火车站', '高新区', 18.50, 15, 2.00, 14.20),
    ('2', '2路', '市中心', '经开区', 22.00, 18, 2.00, 17.50)
ON CONFLICT (line_no) DO UPDATE SET
    line_name = EXCLUDED.line_name,
    start_station = EXCLUDED.start_station,
    end_station = EXCLUDED.end_station,
    total_km = EXCLUDED.total_km,
    station_count = EXCLUDED.station_count,
    fare = EXCLUDED.fare,
    straight_line_distance_km = COALESCE(EXCLUDED.straight_line_distance_km, routes.straight_line_distance_km);

INSERT INTO trips (line_no, trip_date, trip_no, actual_departure_time, planned_departure_time, vehicle_no, driver_name, direction)
VALUES
    ('1', '2025-06-01', '1-001', '06:00:00', '06:00:00', 'V001', '张师傅', 1),
    ('1', '2025-06-01', '1-002', '06:10:00', '06:10:00', 'V002', '李师傅', 1),
    ('1', '2025-06-01', '1-003', '06:20:00', '06:20:00', 'V003', '王师傅', 1),
    ('1', '2025-06-01', '1-004', '06:30:00', '06:30:00', 'V004', '赵师傅', 1),
    ('1', '2025-06-01', '1-005', '06:40:00', '06:40:00', 'V005', '刘师傅', 1),
    ('1', '2025-06-01', '1-006', '06:50:00', '06:50:00', 'V006', '陈师傅', 1),
    ('1', '2025-06-01', '1-007', '07:00:00', '07:00:00', 'V001', '张师傅', 2),
    ('1', '2025-06-01', '1-008', '07:10:00', '07:10:00', 'V002', '李师傅', 2),
    ('1', '2025-06-01', '1-009', '07:20:00', '07:20:00', 'V003', '王师傅', 2),
    ('1', '2025-06-01', '1-010', '07:30:00', '07:30:00', 'V004', '赵师傅', 2),
    ('1', '2025-06-01', '1-011', '07:40:00', '07:40:00', 'V005', '刘师傅', 2),
    ('1', '2025-06-01', '1-012', '07:50:00', '07:50:00', 'V006', '陈师傅', 2),
    ('1', '2025-06-01', '1-013', '08:00:00', '08:00:00', 'V001', '张师傅', 1),
    ('1', '2025-06-01', '1-014', '08:10:00', '08:10:00', 'V002', '李师傅', 1),
    ('1', '2025-06-01', '1-015', '08:20:00', '08:20:00', 'V003', '王师傅', 1),
    ('1', '2025-06-01', '1-016', '08:30:00', '08:30:00', 'V004', '赵师傅', 1),
    ('1', '2025-06-01', '1-017', '09:00:00', '09:00:00', 'V005', '刘师傅', 1),
    ('1', '2025-06-01', '1-018', '09:15:00', '09:15:00', 'V006', '陈师傅', 1),
    ('1', '2025-06-01', '1-019', '09:30:00', '09:30:00', 'V001', '张师傅', 2),
    ('1', '2025-06-01', '1-020', '09:45:00', '09:45:00', 'V002', '李师傅', 2),
    ('1', '2025-06-01', '1-021', '10:00:00', '10:00:00', 'V003', '王师傅', 2),
    ('1', '2025-06-01', '1-022', '10:15:00', '10:15:00', 'V004', '赵师傅', 2),
    ('1', '2025-06-01', '1-023', '10:30:00', '10:30:00', 'V005', '刘师傅', 2),
    ('1', '2025-06-01', '1-024', '10:45:00', '10:45:00', 'V006', '陈师傅', 2),
    ('1', '2025-06-01', '1-025', '11:00:00', '11:00:00', 'V001', '张师傅', 1),
    ('1', '2025-06-01', '1-026', '11:15:00', '11:15:00', 'V002', '李师傅', 1),
    ('1', '2025-06-01', '1-027', '11:30:00', '11:30:00', 'V003', '王师傅', 1),
    ('1', '2025-06-01', '1-028', '11:45:00', '11:45:00', 'V004', '赵师傅', 1),
    ('1', '2025-06-01', '1-029', '12:00:00', '12:00:00', 'V005', '刘师傅', 1),
    ('1', '2025-06-01', '1-030', '12:15:00', '12:15:00', 'V006', '陈师傅', 1),
    ('1', '2025-06-01', '1-031', '12:30:00', '12:30:00', 'V001', '张师傅', 2),
    ('1', '2025-06-01', '1-032', '12:45:00', '12:45:00', 'V002', '李师傅', 2),
    ('1', '2025-06-01', '1-033', '13:00:00', '13:00:00', 'V003', '王师傅', 2),
    ('1', '2025-06-01', '1-034', '13:15:00', '13:15:00', 'V004', '赵师傅', 2),
    ('1', '2025-06-01', '1-035', '13:30:00', '13:30:00', 'V005', '刘师傅', 2),
    ('1', '2025-06-01', '1-036', '13:45:00', '13:45:00', 'V006', '陈师傅', 2),
    ('1', '2025-06-01', '1-037', '14:00:00', '14:00:00', 'V001', '张师傅', 1),
    ('1', '2025-06-01', '1-038', '14:15:00', '14:15:00', 'V002', '李师傅', 1),
    ('1', '2025-06-01', '1-039', '14:30:00', '14:30:00', 'V003', '王师傅', 1),
    ('1', '2025-06-01', '1-040', '14:45:00', '14:45:00', 'V004', '赵师傅', 1),
    ('1', '2025-06-01', '1-041', '15:00:00', '15:00:00', 'V005', '刘师傅', 1),
    ('1', '2025-06-01', '1-042', '15:15:00', '15:15:00', 'V006', '陈师傅', 1),
    ('1', '2025-06-01', '1-043', '16:30:00', '16:30:00', 'V001', '张师傅', 2),
    ('1', '2025-06-01', '1-044', '16:40:00', '16:40:00', 'V002', '李师傅', 2),
    ('1', '2025-06-01', '1-045', '16:50:00', '16:50:00', 'V003', '王师傅', 2),
    ('1', '2025-06-01', '1-046', '17:00:00', '17:00:00', 'V004', '赵师傅', 2),
    ('1', '2025-06-01', '1-047', '17:10:00', '17:10:00', 'V005', '刘师傅', 2),
    ('1', '2025-06-01', '1-048', '17:20:00', '17:20:00', 'V006', '陈师傅', 2),
    ('1', '2025-06-01', '1-049', '17:30:00', '17:30:00', 'V001', '张师傅', 1),
    ('1', '2025-06-01', '1-050', '17:40:00', '17:40:00', 'V002', '李师傅', 1),
    ('1', '2025-06-01', '1-051', '17:50:00', '17:50:00', 'V003', '王师傅', 1),
    ('1', '2025-06-01', '1-052', '18:00:00', '18:00:00', 'V004', '赵师傅', 1),
    ('1', '2025-06-01', '1-053', '18:10:00', '18:10:00', 'V005', '刘师傅', 1),
    ('1', '2025-06-01', '1-054', '18:20:00', '18:20:00', 'V006', '陈师傅', 1),
    ('1', '2025-06-01', '1-055', '19:00:00', '19:00:00', 'V001', '张师傅', 2),
    ('1', '2025-06-01', '1-056', '19:15:00', '19:15:00', 'V002', '李师傅', 2),
    ('1', '2025-06-01', '1-057', '19:30:00', '19:30:00', 'V003', '王师傅', 2),
    ('1', '2025-06-01', '1-058', '19:45:00', '19:45:00', 'V004', '赵师傅', 2),
    ('1', '2025-06-01', '1-059', '20:00:00', '20:00:00', 'V005', '刘师傅', 2),
    ('1', '2025-06-01', '1-060', '20:15:00', '20:15:00', 'V006', '陈师傅', 2),
    ('1', '2025-06-01', '1-061', '20:30:00', '20:30:00', 'V001', '张师傅', 1),
    ('1', '2025-06-01', '1-062', '20:45:00', '20:45:00', 'V002', '李师傅', 1),
    ('1', '2025-06-01', '1-063', '21:00:00', '21:00:00', 'V003', '王师傅', 1),
    ('1', '2025-06-01', '1-064', '21:15:00', '21:15:00', 'V004', '赵师傅', 1),
    ('2', '2025-06-01', '2-001', '06:00:00', '06:00:00', 'V101', '周师傅', 1),
    ('2', '2025-06-01', '2-002', '06:12:00', '06:12:00', 'V102', '吴师傅', 1),
    ('2', '2025-06-01', '2-003', '06:24:00', '06:24:00', 'V103', '郑师傅', 1),
    ('2', '2025-06-01', '2-004', '06:36:00', '06:36:00', 'V104', '孙师傅', 1),
    ('2', '2025-06-01', '2-005', '06:48:00', '06:48:00', 'V105', '杨师傅', 1),
    ('2', '2025-06-01', '2-006', '07:00:00', '07:00:00', 'V101', '周师傅', 2),
    ('2', '2025-06-01', '2-007', '07:12:00', '07:12:00', 'V102', '吴师傅', 2),
    ('2', '2025-06-01', '2-008', '07:24:00', '07:24:00', 'V103', '郑师傅', 2),
    ('2', '2025-06-01', '2-009', '07:36:00', '07:36:00', 'V104', '孙师傅', 2),
    ('2', '2025-06-01', '2-010', '07:48:00', '07:48:00', 'V105', '杨师傅', 2),
    ('2', '2025-06-01', '2-011', '08:00:00', '08:00:00', 'V101', '周师傅', 1),
    ('2', '2025-06-01', '2-012', '08:08:00', '08:08:00', 'V102', '吴师傅', 1),
    ('2', '2025-06-01', '2-013', '08:16:00', '08:16:00', 'V103', '郑师傅', 1),
    ('2', '2025-06-01', '2-014', '08:24:00', '08:24:00', 'V104', '孙师傅', 1),
    ('2', '2025-06-01', '2-015', '08:32:00', '08:32:00', 'V105', '杨师傅', 1),
    ('2', '2025-06-01', '2-016', '09:00:00', '09:00:00', 'V101', '周师傅', 1),
    ('2', '2025-06-01', '2-017', '09:12:00', '09:12:00', 'V102', '吴师傅', 1),
    ('2', '2025-06-01', '2-018', '09:24:00', '09:24:00', 'V103', '郑师傅', 1),
    ('2', '2025-06-01', '2-019', '09:36:00', '09:36:00', 'V104', '孙师傅', 1),
    ('2', '2025-06-01', '2-020', '09:48:00', '09:48:00', 'V105', '杨师傅', 1),
    ('2', '2025-06-01', '2-021', '10:00:00', '10:00:00', 'V101', '周师傅', 2),
    ('2', '2025-06-01', '2-022', '10:12:00', '10:12:00', 'V102', '吴师傅', 2),
    ('2', '2025-06-01', '2-023', '10:24:00', '10:24:00', 'V103', '郑师傅', 2),
    ('2', '2025-06-01', '2-024', '10:36:00', '10:36:00', 'V104', '孙师傅', 2),
    ('2', '2025-06-01', '2-025', '10:48:00', '10:48:00', 'V105', '杨师傅', 2),
    ('2', '2025-06-01', '2-026', '11:00:00', '11:00:00', 'V101', '周师傅', 1),
    ('2', '2025-06-01', '2-027', '11:12:00', '11:12:00', 'V102', '吴师傅', 1),
    ('2', '2025-06-01', '2-028', '11:24:00', '11:24:00', 'V103', '郑师傅', 1),
    ('2', '2025-06-01', '2-029', '11:36:00', '11:36:00', 'V104', '孙师傅', 1),
    ('2', '2025-06-01', '2-030', '11:48:00', '11:48:00', 'V105', '杨师傅', 1),
    ('2', '2025-06-01', '2-031', '12:00:00', '12:00:00', 'V101', '周师傅', 2),
    ('2', '2025-06-01', '2-032', '12:12:00', '12:12:00', 'V102', '吴师傅', 2),
    ('2', '2025-06-01', '2-033', '12:24:00', '12:24:00', 'V103', '郑师傅', 2),
    ('2', '2025-06-01', '2-034', '12:36:00', '12:36:00', 'V104', '孙师傅', 2),
    ('2', '2025-06-01', '2-035', '12:48:00', '12:48:00', 'V105', '杨师傅', 2),
    ('2', '2025-06-01', '2-036', '13:00:00', '13:00:00', 'V101', '周师傅', 1),
    ('2', '2025-06-01', '2-037', '13:15:00', '13:15:00', 'V102', '吴师傅', 1),
    ('2', '2025-06-01', '2-038', '13:30:00', '13:30:00', 'V103', '郑师傅', 1),
    ('2', '2025-06-01', '2-039', '13:45:00', '13:45:00', 'V104', '孙师傅', 1),
    ('2', '2025-06-01', '2-040', '14:00:00', '14:00:00', 'V105', '杨师傅', 1),
    ('2', '2025-06-01', '2-041', '14:15:00', '14:15:00', 'V101', '周师傅', 2),
    ('2', '2025-06-01', '2-042', '14:30:00', '14:30:00', 'V102', '吴师傅', 2),
    ('2', '2025-06-01', '2-043', '14:45:00', '14:45:00', 'V103', '郑师傅', 2),
    ('2', '2025-06-01', '2-044', '15:00:00', '15:00:00', 'V104', '孙师傅', 2),
    ('2', '2025-06-01', '2-045', '15:15:00', '15:15:00', 'V105', '杨师傅', 2),
    ('2', '2025-06-01', '2-046', '16:30:00', '16:30:00', 'V101', '周师傅', 1),
    ('2', '2025-06-01', '2-047', '16:38:00', '16:38:00', 'V102', '吴师傅', 1),
    ('2', '2025-06-01', '2-048', '16:46:00', '16:46:00', 'V103', '郑师傅', 1),
    ('2', '2025-06-01', '2-049', '16:54:00', '16:54:00', 'V104', '孙师傅', 1),
    ('2', '2025-06-01', '2-050', '17:02:00', '17:02:00', 'V105', '杨师傅', 1),
    ('2', '2025-06-01', '2-051', '17:10:00', '17:10:00', 'V101', '周师傅', 1),
    ('2', '2025-06-01', '2-052', '17:18:00', '17:18:00', 'V102', '吴师傅', 1),
    ('2', '2025-06-01', '2-053', '17:26:00', '17:26:00', 'V103', '郑师傅', 1),
    ('2', '2025-06-01', '2-054', '17:34:00', '17:34:00', 'V104', '孙师傅', 1),
    ('2', '2025-06-01', '2-055', '17:42:00', '17:42:00', 'V105', '杨师傅', 1),
    ('2', '2025-06-01', '2-056', '18:00:00', '18:00:00', 'V101', '周师傅', 2),
    ('2', '2025-06-01', '2-057', '18:12:00', '18:12:00', 'V102', '吴师傅', 2),
    ('2', '2025-06-01', '2-058', '18:24:00', '18:24:00', 'V103', '郑师傅', 2),
    ('2', '2025-06-01', '2-059', '18:36:00', '18:36:00', 'V104', '孙师傅', 2),
    ('2', '2025-06-01', '2-060', '18:48:00', '18:48:00', 'V105', '杨师傅', 2),
    ('2', '2025-06-01', '2-061', '19:00:00', '19:00:00', 'V101', '周师傅', 1),
    ('2', '2025-06-01', '2-062', '19:15:00', '19:15:00', 'V102', '吴师傅', 1),
    ('2', '2025-06-01', '2-063', '19:30:00', '19:30:00', 'V103', '郑师傅', 1),
    ('2', '2025-06-01', '2-064', '19:45:00', '19:45:00', 'V104', '孙师傅', 1),
    ('2', '2025-06-01', '2-065', '20:00:00', '20:00:00', 'V105', '杨师傅', 1),
    ('2', '2025-06-01', '2-066', '20:15:00', '20:15:00', 'V101', '周师傅', 2),
    ('2', '2025-06-01', '2-067', '20:30:00', '20:30:00', 'V102', '吴师傅', 2),
    ('2', '2025-06-01', '2-068', '20:45:00', '20:45:00', 'V103', '郑师傅', 2),
    ('2', '2025-06-01', '2-069', '21:00:00', '21:00:00', 'V104', '孙师傅', 2),
    ('2', '2025-06-01', '2-070', '21:15:00', '21:15:00', 'V105', '杨师傅', 2)
ON CONFLICT DO NOTHING;

INSERT INTO station_flows (line_no, flow_date, trip_no, station_seq, station_name, board_count, alight_count, card_count)
VALUES
    ('1', '2025-06-01', '1-001', 1, '火车站', 12, 0, 8),
    ('1', '2025-06-01', '1-001', 2, '中山路口', 15, 3, 10),
    ('1', '2025-06-01', '1-001', 3, '人民广场', 22, 8, 16),
    ('1', '2025-06-01', '1-001', 4, '市中心医院', 18, 12, 13),
    ('1', '2025-06-01', '1-001', 5, '市政府', 10, 15, 7),
    ('1', '2025-06-01', '1-001', 6, '商业街', 25, 6, 18),
    ('1', '2025-06-01', '1-001', 7, '体育中心', 8, 10, 5),
    ('1', '2025-06-01', '1-001', 8, '大学城', 20, 5, 14),
    ('1', '2025-06-01', '1-001', 9, '科技园', 12, 8, 9),
    ('1', '2025-06-01', '1-001', 10, '文化路', 6, 4, 4),
    ('1', '2025-06-01', '1-001', 11, '新城小区', 14, 10, 10),
    ('1', '2025-06-01', '1-001', 12, '会展中心', 8, 6, 5),
    ('1', '2025-06-01', '1-001', 13, '湖滨路', 5, 3, 3),
    ('1', '2025-06-01', '1-001', 14, '工业园', 3, 12, 2),
    ('1', '2025-06-01', '1-001', 15, '高新区', 0, 15, 0),
    ('1', '2025-06-01', '1-002', 1, '火车站', 10, 0, 7),
    ('1', '2025-06-01', '1-002', 2, '中山路口', 12, 2, 8),
    ('1', '2025-06-01', '1-002', 3, '人民广场', 20, 6, 14),
    ('1', '2025-06-01', '1-002', 4, '市中心医院', 15, 10, 11),
    ('1', '2025-06-01', '1-002', 5, '市政府', 8, 12, 6),
    ('1', '2025-06-01', '1-002', 6, '商业街', 22, 5, 15),
    ('1', '2025-06-01', '1-002', 7, '体育中心', 6, 8, 4),
    ('1', '2025-06-01', '1-002', 8, '大学城', 18, 4, 12),
    ('1', '2025-06-01', '1-002', 9, '科技园', 10, 6, 7),
    ('1', '2025-06-01', '1-002', 10, '文化路', 5, 3, 3),
    ('1', '2025-06-01', '1-002', 11, '新城小区', 12, 8, 8),
    ('1', '2025-06-01', '1-002', 12, '会展中心', 6, 5, 4),
    ('1', '2025-06-01', '1-002', 13, '湖滨路', 4, 2, 3),
    ('1', '2025-06-01', '1-002', 14, '工业园', 2, 10, 1),
    ('1', '2025-06-01', '1-002', 15, '高新区', 0, 12, 0),
    ('1', '2025-06-01', '1-003', 1, '火车站', 14, 0, 10),
    ('1', '2025-06-01', '1-003', 2, '中山路口', 18, 4, 12),
    ('1', '2025-06-01', '1-003', 3, '人民广场', 28, 10, 20),
    ('1', '2025-06-01', '1-003', 4, '市中心医院', 22, 14, 16),
    ('1', '2025-06-01', '1-003', 5, '市政府', 12, 18, 8),
    ('1', '2025-06-01', '1-003', 6, '商业街', 30, 8, 22),
    ('1', '2025-06-01', '1-003', 7, '体育中心', 10, 12, 7),
    ('1', '2025-06-01', '1-003', 8, '大学城', 24, 6, 17),
    ('1', '2025-06-01', '1-003', 9, '科技园', 14, 10, 10),
    ('1', '2025-06-01', '1-003', 10, '文化路', 8, 5, 5),
    ('1', '2025-06-01', '1-003', 11, '新城小区', 16, 12, 11),
    ('1', '2025-06-01', '1-003', 12, '会展中心', 10, 7, 7),
    ('1', '2025-06-01', '1-003', 13, '湖滨路', 6, 4, 4),
    ('1', '2025-06-01', '1-003', 14, '工业园', 4, 14, 3),
    ('1', '2025-06-01', '1-003', 15, '高新区', 0, 18, 0),
    ('2', '2025-06-01', '2-001', 1, '市中心', 10, 0, 7),
    ('2', '2025-06-01', '2-001', 2, '北门桥', 8, 2, 5),
    ('2', '2025-06-01', '2-001', 3, '人民广场', 16, 5, 11),
    ('2', '2025-06-01', '2-001', 4, '中山路口', 12, 4, 8),
    ('2', '2025-06-01', '2-001', 5, '建设路', 14, 6, 10),
    ('2', '2025-06-01', '2-001', 6, '商业街', 20, 8, 14),
    ('2', '2025-06-01', '2-001', 7, '市政府', 10, 12, 7),
    ('2', '2025-06-01', '2-001', 8, '市中心医院', 15, 10, 11),
    ('2', '2025-06-01', '2-001', 9, '大学城', 18, 6, 13),
    ('2', '2025-06-01', '2-001', 10, '体育中心', 8, 10, 5),
    ('2', '2025-06-01', '2-001', 11, '科技园', 12, 8, 8),
    ('2', '2025-06-01', '2-001', 12, '南山路', 6, 4, 4),
    ('2', '2025-06-01', '2-001', 13, '翠苑小区', 10, 6, 7),
    ('2', '2025-06-01', '2-001', 14, '滨江大道', 5, 3, 3),
    ('2', '2025-06-01', '2-001', 15, '工业园', 4, 8, 3),
    ('2', '2025-06-01', '2-001', 16, '湖滨路', 3, 2, 2),
    ('2', '2025-06-01', '2-001', 17, '新城大道', 7, 5, 5),
    ('2', '2025-06-01', '2-001', 18, '经开区', 0, 10, 0),
    ('2', '2025-06-01', '2-002', 1, '市中心', 8, 0, 5),
    ('2', '2025-06-01', '2-002', 2, '北门桥', 6, 1, 4),
    ('2', '2025-06-01', '2-002', 3, '人民广场', 14, 4, 10),
    ('2', '2025-06-01', '2-002', 4, '中山路口', 10, 3, 7),
    ('2', '2025-06-01', '2-002', 5, '建设路', 12, 5, 8),
    ('2', '2025-06-01', '2-002', 6, '商业街', 18, 6, 12),
    ('2', '2025-06-01', '2-002', 7, '市政府', 8, 10, 6),
    ('2', '2025-06-01', '2-002', 8, '市中心医院', 12, 8, 8),
    ('2', '2025-06-01', '2-002', 9, '大学城', 15, 5, 10),
    ('2', '2025-06-01', '2-002', 10, '体育中心', 6, 8, 4),
    ('2', '2025-06-01', '2-002', 11, '科技园', 10, 6, 7),
    ('2', '2025-06-01', '2-002', 12, '南山路', 5, 3, 3),
    ('2', '2025-06-01', '2-002', 13, '翠苑小区', 8, 5, 5),
    ('2', '2025-06-01', '2-002', 14, '滨江大道', 4, 2, 2),
    ('2', '2025-06-01', '2-002', 15, '工业园', 3, 6, 2),
    ('2', '2025-06-01', '2-002', 16, '湖滨路', 2, 1, 1),
    ('2', '2025-06-01', '2-002', 17, '新城大道', 6, 4, 4),
    ('2', '2025-06-01', '2-002', 18, '经开区', 0, 8, 0),
    ('2', '2025-06-01', '2-003', 1, '市中心', 12, 0, 8),
    ('2', '2025-06-01', '2-003', 2, '北门桥', 10, 3, 7),
    ('2', '2025-06-01', '2-003', 3, '人民广场', 20, 6, 14),
    ('2', '2025-06-01', '2-003', 4, '中山路口', 15, 5, 10),
    ('2', '2025-06-01', '2-003', 5, '建设路', 18, 8, 12),
    ('2', '2025-06-01', '2-003', 6, '商业街', 25, 10, 18),
    ('2', '2025-06-01', '2-003', 7, '市政府', 14, 16, 10),
    ('2', '2025-06-01', '2-003', 8, '市中心医院', 20, 14, 14),
    ('2', '2025-06-01', '2-003', 9, '大学城', 22, 8, 16),
    ('2', '2025-06-01', '2-003', 10, '体育中心', 10, 12, 7),
    ('2', '2025-06-01', '2-003', 11, '科技园', 16, 10, 11),
    ('2', '2025-06-01', '2-003', 12, '南山路', 8, 5, 5),
    ('2', '2025-06-01', '2-003', 13, '翠苑小区', 12, 8, 8),
    ('2', '2025-06-01', '2-003', 14, '滨江大道', 6, 4, 4),
    ('2', '2025-06-01', '2-003', 15, '工业园', 5, 10, 3),
    ('2', '2025-06-01', '2-003', 16, '湖滨路', 4, 3, 2),
    ('2', '2025-06-01', '2-003', 17, '新城大道', 9, 6, 6),
    ('2', '2025-06-01', '2-003', 18, '经开区', 0, 12, 0);

INSERT INTO vehicle_mileages (vehicle_no, mileage_date, total_km, operating_km)
VALUES
    ('V001', '2025-06-01', 220.00, 195.00),
    ('V002', '2025-06-01', 210.00, 188.00),
    ('V003', '2025-06-01', 215.00, 190.00),
    ('V004', '2025-06-01', 200.00, 178.00),
    ('V005', '2025-06-01', 205.00, 182.00),
    ('V006', '2025-06-01', 195.00, 172.00),
    ('V101', '2025-06-01', 240.00, 215.00),
    ('V102', '2025-06-01', 235.00, 210.00),
    ('V103', '2025-06-01', 230.00, 205.00),
    ('V104', '2025-06-01', 225.00, 200.00),
    ('V105', '2025-06-01', 220.00, 195.00)
ON CONFLICT DO NOTHING;
